Timestamp,function_name,PID,kprobe_nb
0.0,sshd,96753,function_1_return
1.741421435,sshd,96753,function_1_return
2.041738469,sshd,96753,function_1_return
2.231098696,sshd,96753,function_1_return
2.355508138,sshd,96753,function_1_return
8.493645191,sshd,87362,function_1_entry
8.493665242,sshd,87362,function_1_return
8.990071636,sshd,87362,function_1_entry
8.990078602,sshd,87362,function_1_return
9.024079338,sshd,87362,function_1_entry
9.024098777,sshd,87362,function_1_return
9.055630727,sshd,87362,function_1_entry
9.055648902,sshd,87362,function_1_return
9.090439745,sshd,87362,function_1_entry
9.090447484,sshd,87362,function_1_return
9.121981233,sshd,87362,function_1_entry
9.122000066,sshd,87362,function_1_return
9.153800983,sshd,87362,function_1_entry
9.153818729,sshd,87362,function_1_return
9.188978036,sshd,87362,function_1_entry
9.188997469,sshd,87362,function_1_return
9.227053757,sshd,87362,function_1_entry
9.227073273,sshd,87362,function_1_return
9.251631423,sshd,87362,function_1_entry
9.251648882,sshd,87362,function_1_return
9.284552709,sshd,87362,function_1_entry
9.28457048,sshd,87362,function_1_return
9.318725432,sshd,87362,function_1_entry
9.318743941,sshd,87362,function_1_return
9.350591875,sshd,87362,function_1_entry
9.350609376,sshd,87362,function_1_return
9.38339725,sshd,87362,function_1_entry
9.383402936,sshd,87362,function_1_return
9.415947732,sshd,87362,function_1_entry
9.415966662,sshd,87362,function_1_return
9.450055723,sshd,87362,function_1_entry
9.450063265,sshd,87362,function_1_return
9.483009645,sshd,87362,function_1_entry
9.483029131,sshd,87362,function_1_return
9.514885457,sshd,87362,function_1_entry
9.514903538,sshd,87362,function_1_return
9.547228282,sshd,87362,function_1_entry
9.547247379,sshd,87362,function_1_return
9.580245792,sshd,87362,function_1_entry
9.580264787,sshd,87362,function_1_return
9.613221442,sshd,87362,function_1_entry
9.613228979,sshd,87362,function_1_return
9.645961142,sshd,87362,function_1_entry
9.645968745,sshd,87362,function_1_return
9.678769838,sshd,87362,function_1_entry
9.678776881,sshd,87362,function_1_return
9.711603301,sshd,87362,function_1_entry
9.711610895,sshd,87362,function_1_return
9.744508572,sshd,87362,function_1_entry
9.744515668,sshd,87362,function_1_return
9.777347033,sshd,87362,function_1_entry
9.777354446,sshd,87362,function_1_return
9.810461426,sshd,87362,function_1_entry
9.810469164,sshd,87362,function_1_return
9.843464485,sshd,87362,function_1_entry
9.84348397,sshd,87362,function_1_return
9.876030309,sshd,87362,function_1_entry
9.876047627,sshd,87362,function_1_return
9.908765064,sshd,87362,function_1_entry
9.908782802,sshd,87362,function_1_return
9.941831182,sshd,87362,function_1_entry
9.941849009,sshd,87362,function_1_return
10.427468283,sshd,87362,function_1_entry
10.427475824,sshd,87362,function_1_return
10.668464231,sshd,87362,function_1_entry
10.668471767,sshd,87362,function_1_return
10.881691991,sshd,87362,function_1_entry
10.881699239,sshd,87362,function_1_return
11.061146984,sshd,87362,function_1_entry
11.061166241,sshd,87362,function_1_return
11.175849252,sshd,87362,function_1_entry
11.175885351,sshd,87362,function_1_return
11.487586977,sshd,87362,function_1_entry
11.487606531,sshd,87362,function_1_return
12.16058808,sshd,87362,function_1_entry
12.160607668,sshd,87362,function_1_return
12.404941804,sshd,87362,function_1_entry
12.404961541,sshd,87362,function_1_return
12.529432638,sshd,87362,function_1_entry
12.529440078,sshd,87362,function_1_return
13.085541972,sshd,87362,function_1_entry
13.085549774,sshd,87362,function_1_return
13.38547684,sshd,87362,function_1_entry
13.385496393,sshd,87362,function_1_return
13.605351224,sshd,87362,function_1_entry
13.605359232,sshd,87362,function_1_return
13.621149898,sshd,87362,function_1_entry
13.621157251,sshd,87362,function_1_return
13.739087453,sshd,87362,function_1_entry
13.739094503,sshd,87362,function_1_return
13.838190276,sshd,87362,function_1_entry
13.838197288,sshd,87362,function_1_return
14.1145194,sshd,87362,function_1_entry
14.114539239,sshd,87362,function_1_return
20.089081373,sshd,87362,function_1_entry
20.089094333,sshd,87362,function_1_return
20.092102092,sshd,96753,function_1_entry
20.092124573,sshd,96753,function_1_return
20.092210591,sshd,96753,function_1_entry
20.092213494,sshd,96753,function_1_return
20.322217872,sshd,87362,function_1_entry
20.32223707,sshd,87362,function_1_return
20.544817701,sshd,87362,function_1_entry
20.544837306,sshd,87362,function_1_return
20.735863272,sshd,87362,function_1_entry
20.735870305,sshd,87362,function_1_return
20.852709648,sshd,87362,function_1_entry
20.852729815,sshd,87362,function_1_return
22.978186102,sshd,87362,function_1_entry
22.97820861,sshd,87362,function_1_return
23.159642172,sshd,87362,function_1_entry
23.159662221,sshd,87362,function_1_return
23.286326855,sshd,87362,function_1_entry
23.286347508,sshd,87362,function_1_return
23.410143515,sshd,87362,function_1_entry
23.410162376,sshd,87362,function_1_return
23.519417074,sshd,87362,function_1_entry
23.519425412,sshd,87362,function_1_return
23.637175652,sshd,87362,function_1_entry
23.637184608,sshd,87362,function_1_return
24.675778188,sshd,87362,function_1_entry
24.675786707,sshd,87362,function_1_return
24.903368263,sshd,87362,function_1_entry
24.903387301,sshd,87362,function_1_return
25.077080099,sshd,87362,function_1_entry
25.077099121,sshd,87362,function_1_return
25.262548833,sshd,87362,function_1_entry
25.262569055,sshd,87362,function_1_return
25.361689038,sshd,87362,function_1_entry
25.361707608,sshd,87362,function_1_return
25.588268201,sshd,87362,function_1_entry
25.588289648,sshd,87362,function_1_return
26.080476038,sshd,87362,function_1_entry
26.080494712,sshd,87362,function_1_return
26.272683726,sshd,87362,function_1_entry
26.272691064,sshd,87362,function_1_return
26.373904659,sshd,87362,function_1_entry
26.373924455,sshd,87362,function_1_return
26.52765521,sshd,87362,function_1_entry
26.527674502,sshd,87362,function_1_return
26.654803535,sshd,87362,function_1_entry
26.654811478,sshd,87362,function_1_return
27.175828947,sshd,87362,function_1_entry
27.175848624,sshd,87362,function_1_return
27.276198698,sshd,87362,function_1_entry
27.276218157,sshd,87362,function_1_return
27.673164273,sshd,87362,function_1_entry
27.673172014,sshd,87362,function_1_return
27.709387091,sshd,91546,function_1_entry
27.709409485,sshd,91546,function_1_return
27.709523213,sshd,91546,function_1_entry
27.709526214,sshd,91546,function_1_return
27.757466017,sshd,87362,function_1_entry
27.757473191,sshd,87362,function_1_return
27.935459193,sshd,87362,function_1_entry
27.935478354,sshd,87362,function_1_return
27.965815619,sshd,87362,function_1_entry
27.965822902,sshd,87362,function_1_return
28.011778968,sshd,87362,function_1_entry
28.011797722,sshd,87362,function_1_return
28.16118442,sshd,87362,function_1_entry
28.161204791,sshd,87362,function_1_return
28.26856965,sshd,87362,function_1_entry
28.268588949,sshd,87362,function_1_return
29.017884963,sshd,87362,function_1_entry
29.017895378,sshd,87362,function_1_return
29.247519066,sshd,87362,function_1_entry
29.24753818,sshd,87362,function_1_return
29.746846748,sshd,87362,function_1_entry
29.746854205,sshd,87362,function_1_return
